{"cameraMode":{"drawMode":0,"name":"Shaded","section":"Shading Mode"},"sceneLighting":true,"audioPlay":false,"sceneViewState":{"showFog":true,"showMaterialUpdate":false,"showSkybox":true,"showFlares":true,"showImageEffects":true,"showParticleSystems":true},"in2DMode":false,"pivot":{"x":-0.4122556447982788,"y":-0.366388738155365,"z":0.0023212097585201265},"rotation":{"x":-0.06940752267837525,"y":0.06603690981864929,"z":-0.0045417314395308498,"w":-0.9954212307929993},"size":2.154561758041382,"orthographic":false}