{"cameraMode":{"drawMode":0,"name":"Shaded","section":"Shading Mode"},"sceneLighting":false,"audioPlay":false,"sceneViewState":{"showFog":false,"showMaterialUpdate":false,"showSkybox":false,"showFlares":false,"showImageEffects":false,"showParticleSystems":false},"in2DMode":false,"pivot":{"x":3.514787197113037,"y":0.8892324566841126,"z":0.031143462285399438},"rotation":{"x":0.0034488358069211246,"y":-0.9934051036834717,"z":0.031003599986433984,"w":0.11041692644357681},"size":4.430525302886963,"orthographic":false}