{"cameraMode":{"drawMode":0,"name":"Shaded","section":"Shading Mode"},"sceneLighting":true,"audioPlay":false,"sceneViewState":{"showFog":true,"showMaterialUpdate":false,"showSkybox":true,"showFlares":true,"showImageEffects":true,"showParticleSystems":true},"in2DMode":false,"pivot":{"x":-0.3189844489097595,"y":-0.6718741655349731,"z":0.21024811267852784},"rotation":{"x":-0.07503104209899903,"y":0.07411889731884003,"z":-0.005595667753368616,"w":-0.9944164752960205},"size":1.5545613765716553,"orthographic":false}