{"cameraMode":{"drawMode":0,"name":"Shaded","section":"Shading Mode"},"sceneLighting":true,"audioPlay":false,"sceneViewState":{"showFog":false,"showMaterialUpdate":false,"showSkybox":false,"showFlares":false,"showImageEffects":false,"showParticleSystems":false},"in2DMode":false,"pivot":{"x":30.82407569885254,"y":156.59295654296876,"z":437.1197814941406},"rotation":{"x":-0.023678746074438096,"y":-0.03837106376886368,"z":0.0009073141263797879,"w":-0.99898761510849},"size":355.6412353515625,"orthographic":false}