{"cameraMode":{"drawMode":0,"name":"Shaded","section":"Shading Mode"},"sceneLighting":true,"audioPlay":false,"sceneViewState":{"showFog":false,"showMaterialUpdate":false,"showSkybox":false,"showFlares":false,"showImageEffects":false,"showParticleSystems":false},"in2DMode":false,"pivot":{"x":39.28764343261719,"y":346.1803283691406,"z":-185.86083984375},"rotation":{"x":0.07302982360124588,"y":0.3168509006500244,"z":-0.02448282018303871,"w":0.9453554749488831},"size":28.04912567138672,"orthographic":false}