{"cameraMode":{"drawMode":0,"name":"Shaded","section":"Shading Mode"},"sceneLighting":true,"audioPlay":false,"sceneViewState":{"showFog":false,"showMaterialUpdate":false,"showSkybox":false,"showFlares":false,"showImageEffects":false,"showParticleSystems":false},"in2DMode":false,"pivot":{"x":1.5416810512542725,"y":-2.463665723800659,"z":4.191922187805176},"rotation":{"x":0.20123177766799928,"y":-0.31497204303741457,"z":0.06849747896194458,"w":0.9250147938728333},"size":5.454158782958984,"orthographic":false}