{"cameraMode":{"drawMode":0,"name":"Shaded","section":"Shading Mode"},"sceneLighting":true,"audioPlay":false,"sceneViewState":{"showFog":true,"showMaterialUpdate":false,"showSkybox":true,"showFlares":true,"showImageEffects":true,"showParticleSystems":true},"in2DMode":false,"pivot":{"x":6.24337911605835,"y":-2.239283800125122,"z":19.863643646240236},"rotation":{"x":-0.1734357476234436,"y":-0.40916797518730166,"z":0.07962019741535187,"w":-0.8923152089118958},"size":19.35282325744629,"orthographic":false}